db6c64,::1,GET,http://localhost/royalcin/web/puppy-kit,1434030756,,500
0da492,::1,GET,http://localhost/royalcin/web/puppy-kit,1434030769,,200
0229f4,::1,GET,http://localhost/royalcin/web/kit-my-order,1434030774,,200
fee7fb,::1,GET,http://localhost/royalcin/web/adoption-kit,1434030778,,200
4bdada,::1,GET,http://localhost/royalcin/web/puppy-kit,1434030779,,200
d910ca,::1,GET,http://localhost/royalcin/web/adm/puppy-kit,1434030815,,200
5a6d99,::1,POST,http://localhost/royalcin/web/cinotecnico/select,1434031334,,200
da2f93,::1,POST,http://localhost/royalcin/web/adm/puppy-kit-filter,1434031335,,200
2fb20c,::1,POST,http://localhost/royalcin/web/adm/puppy-kit-filter,1434031339,,200
03883c,::1,POST,http://localhost/royalcin/web/adm/puppy-kit-filter,1434031341,,200
2b713b,::1,POST,http://localhost/royalcin/web/adm/puppy-kit-filter,1434031457,,500
fba626,::1,POST,http://localhost/royalcin/web/adm/puppy-kit-filter,1434031479,,500
ee597e,::1,POST,http://localhost/royalcin/web/adm/puppy-kit-filter,1434031488,,200
fa978b,::1,POST,http://localhost/royalcin/web/adm/puppy-kit-filter,1434031538,,200
477a3d,::1,POST,http://localhost/royalcin/web/cinotecnico/select,1434031561,,200
931afe,::1,POST,http://localhost/royalcin/web/cinotecnico/select,1434031563,,200
e36b57,::1,POST,http://localhost/royalcin/web/adm/puppy-kit-filter,1434031568,,200
4866a0,::1,POST,http://localhost/royalcin/web/adm/puppy-kit-filter,1434031581,,200
413773,::1,POST,http://localhost/royalcin/web/adm/puppy-kit-filter,1434031701,,200
d3338b,::1,POST,http://localhost/royalcin/web/adm/puppy-kit-filter,1434031743,,200
8ba90c,::1,POST,http://localhost/royalcin/web/adm/puppy-kit-filter,1434031768,,200
3b916c,::1,POST,http://localhost/royalcin/web/adm/puppy-kit-filter,1434031773,,200
67f5e0,::1,POST,http://localhost/royalcin/web/adm/puppy-kit-filter,1434031795,,200
ff9130,::1,POST,http://localhost/royalcin/web/adm/puppy-kit-filter,1434031803,,200
58d9dd,::1,POST,http://localhost/royalcin/web/adm/puppy-kit-filter,1434031827,,200
d2b72f,::1,POST,http://localhost/royalcin/web/adm/puppy-kit-filter,1434031845,,200
3114ca,::1,POST,http://localhost/royalcin/web/adm/puppy-kit-filter,1434031855,,200
c818ce,::1,POST,http://localhost/royalcin/web/adm/puppy-kit-filter,1434032065,,500
2ee990,::1,POST,http://localhost/royalcin/web/adm/puppy-kit-filter,1434032080,,500
a6e235,::1,POST,http://localhost/royalcin/web/adm/puppy-kit-filter,1434032357,,200
4cf6d1,::1,POST,http://localhost/royalcin/web/adm/puppy-kit-filter,1434032380,,200
07e0ac,::1,POST,http://localhost/royalcin/web/adm/puppy-kit-filter,1434032409,,200
03e315,::1,POST,http://localhost/royalcin/web/cinotecnico/select,1434033318,,200
737106,::1,POST,http://localhost/royalcin/web/adm/puppy-kit-filter,1434033321,,500
9ec2c8,::1,POST,http://localhost/royalcin/web/adm/puppy-kit-filter,1434033334,,200
2b7a70,::1,POST,http://localhost/royalcin/web/adm/puppy-kit-filter,1434033340,,200
dd9b84,::1,POST,http://localhost/royalcin/web/adm/puppy-kit-filter,1434033364,,200
f3cc7d,::1,POST,http://localhost/royalcin/web/adm/puppy-kit-filter,1434033742,,200
848630,::1,GET,http://localhost/royalcin/web/adm/puppy-kit-filter,1434033746,,405
ae7325,::1,POST,http://localhost/royalcin/web/adm/puppy-kit-filter,1434033785,,200
187af2,::1,GET,http://localhost/royalcin/web/adm/puppy-kit-filter,1434033788,,405
d85cbe,::1,POST,http://localhost/royalcin/web/adm/puppy-kit-filter,1434033819,,200
5ede24,::1,GET,http://localhost/royalcin/web/adm/puppy-kit,1434033824,,200
b31470,::1,GET,http://localhost/royalcin/web/adm/puppy-kit,1434033874,,200
e9c764,::1,GET,http://localhost/royalcin/web/adm/puppy-kit,1434033885,,200
d21615,::1,GET,http://localhost/royalcin/web/adm/puppy-kit,1434033933,,200
413abf,::1,GET,http://localhost/royalcin/web/adm/puppy-kit,1434033955,,200
d5447b,::1,GET,http://localhost/royalcin/web/adm/puppy-kit,1434033980,,200
953b5e,::1,GET,http://localhost/royalcin/web/adm/puppy-kit,1434034378,,200
78c180,::1,GET,http://localhost/royalcin/web/adm/puppy-kit,1434034432,,500
60571c,::1,GET,http://localhost/royalcin/web/adm/puppy-kit,1434034448,,200
a47e48,::1,GET,http://localhost/royalcin/web/adm/puppy-kit,1434034453,,200
724281,::1,GET,http://localhost/royalcin/web/adm/puppy-kit,1434034499,,200
87eb0a,::1,GET,http://localhost/royalcin/web/adm/puppy-kit,1434034523,,200
8be96b,::1,GET,http://localhost/royalcin/web/adm/puppy-kit,1434034537,,200
592cc1,::1,GET,http://localhost/royalcin/web/adm/puppy-kit,1434034549,,200
d5a27e,::1,GET,http://localhost/royalcin/web/adm/puppy-kit,1434034627,,200
824e6f,::1,GET,http://localhost/royalcin/web/adm/puppy-kit,1434034659,,200
62baa3,::1,GET,http://localhost/royalcin/web/adm/puppy-kit,1434034674,,200
9ae49d,::1,GET,http://localhost/royalcin/web/adm/puppy-kit,1434034717,,200
335457,::1,GET,http://localhost/royalcin/web/adm/puppy-kit,1434034748,,200
735fbd,::1,GET,http://localhost/royalcin/web/adm/puppy-kit,1434034822,,200
57a7d8,::1,GET,http://localhost/royalcin/web/adm/puppy-kit,1434034842,,200
1e7f0a,::1,GET,http://localhost/royalcin/web/adm/puppy-kit,1434034867,,200
d450b3,::1,GET,http://localhost/royalcin/web/adm/puppy-kit,1434034886,,200
d6b6c2,::1,GET,http://localhost/royalcin/web/adm/puppy-kit,1434034904,,200
d91647,::1,GET,http://localhost/royalcin/web/adm/puppy-kit,1434034965,,200
6a04e2,::1,GET,http://localhost/royalcin/web/adm/puppy-kit,1434034975,,200
94f08f,::1,GET,http://localhost/royalcin/web/adm/puppy-kit,1434034992,,200
dd9852,::1,GET,http://localhost/royalcin/web/adm/puppy-kit,1434035038,,200
a7a9ee,::1,GET,http://localhost/royalcin/web/adm/puppy-kit,1434035050,,200
700ec3,::1,GET,http://localhost/royalcin/web/adm/puppy-kit,1434035076,,200
2373bd,::1,POST,http://localhost/royalcin/web/adm/puppy-kit-filter,1434035103,,200
4d4948,::1,POST,http://localhost/royalcin/web/adm/puppy-kit-filter,1434035116,,200
e16e91,::1,POST,http://localhost/royalcin/web/adm/puppy-kit-filter,1434035136,,200
c1e763,::1,POST,http://localhost/royalcin/web/adm/puppy-kit-filter,1434035157,,200
16407e,::1,POST,http://localhost/royalcin/web/adm/puppy-kit-issue/51,1434035230,,500
97d09f,::1,POST,http://localhost/royalcin/web/adm/puppy-kit-issue/51,1434035590,,500
334337,::1,GET,http://localhost/royalcin/web/adm/puppy-kit-issue/0,1434035635,,405
7ead37,::1,GET,http://localhost/royalcin/web/adm/puppy-kit-issue/51,1434035641,,405
83fc57,::1,POST,http://localhost/royalcin/web/adm/puppy-kit-issue/0,1434035734,,200
95b006,::1,POST,http://localhost/royalcin/web/adm/puppy-kit-issue/51,1434035802,,200
458c3c,::1,POST,http://localhost/royalcin/web/adm/puppy-kit-issue/51,1434035926,,200
02fc5e,::1,GET,http://localhost/royalcin/web/adm/puppy-kit-issue,1434035945,,404
d25eed,::1,GET,http://localhost/royalcin/web/adm/puppy-kit-issue,1434035956,,405
5be5ba,::1,GET,http://localhost/royalcin/web/adm/puppy-kit-issue,1434035993,,405
928ca2,::1,GET,http://localhost/royalcin/web/adm/puppy-kit-issue,1434035993,,405
e36293,::1,GET,http://localhost/royalcin/web/adm/puppy-kit-issue,1434036006,,405
18b6d8,::1,POST,http://localhost/royalcin/web/adm/puppy-kit-issue,1434036026,,500
08b429,::1,POST,http://localhost/royalcin/web/adm/puppy-kit-issue,1434036036,,500
626c3e,::1,POST,http://localhost/royalcin/web/adm/puppy-kit-issue,1434036058,,200
f7bede,::1,POST,http://localhost/royalcin/web/adm/puppy-kit-issue,1434036148,,200
dfa165,::1,POST,http://localhost/royalcin/web/adm/puppy-kit-issue,1434036163,,200
a9a4da,::1,POST,http://localhost/royalcin/web/adm/puppy-kit-issue,1434036189,,200
6a6724,::1,POST,http://localhost/royalcin/web/adm/puppy-kit-issue,1434043663,,500
cb4054,::1,POST,http://localhost/royalcin/web/adm/puppy-kit-issue,1434043683,,500
6f0640,::1,POST,http://localhost/royalcin/web/adm/puppy-kit-issue,1434043687,,200
c78d17,::1,POST,http://localhost/royalcin/web/adm/puppy-kit-issue,1434043736,,200
326209,::1,POST,http://localhost/royalcin/web/adm/puppy-kit-issue,1434043885,,200
aa0ec9,::1,POST,http://localhost/royalcin/web/adm/puppy-kit-issue,1434043896,,200
21e7bf,::1,POST,http://localhost/royalcin/web/adm/puppy-kit-issue,1434043966,,200
170f9b,::1,POST,http://localhost/royalcin/web/adm/puppy-kit-issue,1434044100,,500
d1f628,::1,POST,http://localhost/royalcin/web/adm/puppy-kit-issue,1434044136,,500
f1760d,::1,POST,http://localhost/royalcin/web/adm/puppy-kit-issue,1434044149,,200
c4ae4e,::1,POST,http://localhost/royalcin/web/adm/puppy-kit-issue,1434044161,,200
946682,::1,POST,http://localhost/royalcin/web/adm/puppy-kit-issue,1434044197,,200
32f6c7,::1,POST,http://localhost/royalcin/web/adm/puppy-kit-issue,1434044218,,200
8c751a,::1,POST,http://localhost/royalcin/web/adm/puppy-kit-issue,1434044242,,200
79d64d,::1,POST,http://localhost/royalcin/web/adm/puppy-kit-issue,1434044251,,200
c4b788,::1,POST,http://localhost/royalcin/web/adm/puppy-kit-issue,1434044340,,200
a352c2,::1,POST,http://localhost/royalcin/web/adm/puppy-kit-issue,1434044418,,200
5680ea,::1,POST,http://localhost/royalcin/web/adm/puppy-kit-issue,1434044427,,200
fe38ba,::1,POST,http://localhost/royalcin/web/adm/puppy-kit-issue,1434044447,,200
4a2490,::1,POST,http://localhost/royalcin/web/adm/puppy-kit-issue,1434044903,,200
51700b,::1,POST,http://localhost/royalcin/web/adm/puppy-kit-issue,1434044939,,200
1c16a2,::1,POST,http://localhost/royalcin/web/adm/puppy-kit-issue,1434044970,,200
9e0da7,::1,POST,http://localhost/royalcin/web/adm/puppy-kit-issue,1434044990,,200
460abd,::1,POST,http://localhost/royalcin/web/adm/puppy-kit-issue,1434045010,,200
fe268d,::1,POST,http://localhost/royalcin/web/adm/puppy-kit-issue,1434045077,,200
22c650,::1,POST,http://localhost/royalcin/web/adm/puppy-kit-issue,1434045096,,200
3f5090,::1,POST,http://localhost/royalcin/web/adm/puppy-kit-issue,1434045226,,200
35c360,::1,POST,http://localhost/royalcin/web/adm/puppy-kit-issue,1434045806,,200
645557,::1,POST,http://localhost/royalcin/web/adm/puppy-kit-issue,1434045837,,200
565a42,::1,POST,http://localhost/royalcin/web/adm/puppy-kit-issue,1434045877,,200
d0e53c,::1,POST,http://localhost/royalcin/web/adm/puppy-kit-issue,1434045926,,200
1d089b,::1,POST,http://localhost/royalcin/web/adm/puppy-kit-issue,1434045963,,200
ba865d,::1,POST,http://localhost/royalcin/web/adm/puppy-kit-issue,1434045986,,200
943816,::1,POST,http://localhost/royalcin/web/adm/puppy-kit-issue,1434046004,,200
5d0597,::1,POST,http://localhost/royalcin/web/adm/puppy-kit-issue,1434046025,,200
2e186f,::1,POST,http://localhost/royalcin/web/adm/puppy-kit-issue,1434046038,,200
a491eb,::1,POST,http://localhost/royalcin/web/adm/puppy-kit-issue,1434046042,,200
9d48bb,::1,POST,http://localhost/royalcin/web/adm/puppy-kit-issue,1434046058,,200
d7d36c,::1,POST,http://localhost/royalcin/web/adm/puppy-kit-issue-send,1434046493,,500
b58a27,::1,POST,http://localhost/royalcin/web/adm/puppy-kit-issue-send,1434047568,,500
d5343d,::1,GET,http://localhost/royalcin/web/adm/puppy-kit-issue/,1434047701,,404
57c169,::1,GET,http://localhost/royalcin/web/adm/puppy-kit-issue/,1434047702,,404
28994a,::1,POST,http://localhost/royalcin/web/adm/puppy-kit-filter,1434047709,,200
536233,::1,POST,http://localhost/royalcin/web/cinotecnico/select,1434047733,,200
365ed7,::1,POST,http://localhost/royalcin/web/adm/puppy-kit-issue-send,1434047820,,500
90924e,::1,POST,http://localhost/royalcin/web/adm/puppy-kit-issue-send,1434047976,,500
84eac7,::1,POST,http://localhost/royalcin/web/adm/puppy-kit-issue,1434048025,,200
ee744e,127.0.0.1,POST,http://localhost/royalcin/web/adm/puppy-kit-issue,1434048227,,200
231f60,::1,POST,http://localhost/royalcin/web/adm/puppy-kit-issue-send,1434048909,,500
22a1d5,::1,POST,http://localhost/royalcin/web/adm/puppy-kit-issue-send,1434049710,,500
ca9733,::1,POST,http://localhost/royalcin/web/adm/puppy-kit-issue-send,1434049913,,500
0cd760,::1,POST,http://localhost/royalcin/web/adm/puppy-kit-issue,1434050088,,200
8d4e93,::1,POST,http://localhost/royalcin/web/adm/puppy-kit-issue-send,1434050284,,500
33e8c6,::1,POST,http://localhost/royalcin/web/adm/puppy-kit-issue-send,1434050292,,302
cbfa28,::1,GET,http://localhost/royalcin/web/adm/puppy-kit?success=1,1434050292,,200
1a7fdd,::1,POST,http://localhost/royalcin/web/adm/puppy-kit-issue,1434050324,,200
4ce484,::1,POST,http://localhost/royalcin/web/adm/puppy-kit-filter,1434050369,,200
249395,::1,POST,http://localhost/royalcin/web/adm/puppy-kit-filter,1434050378,,200
50dc91,::1,POST,http://localhost/royalcin/web/adm/puppy-kit-filter,1434050390,,200
bb6f31,::1,POST,http://localhost/royalcin/web/adm/puppy-kit-filter,1434050650,,200
e0b4e5,::1,GET,http://localhost/royalcin/web/adm/puppy-kit-filter,1434050653,,405
d3d73d,::1,GET,http://localhost/royalcin/web/adm/puppy-kit,1434050658,,200
cd836e,::1,GET,http://localhost/royalcin/web/adm/puppy-kit,1434050685,,200
bf4f2c,::1,GET,http://localhost/royalcin/web/adm/puppy-kit,1434050711,,200
6e46b2,::1,GET,http://localhost/royalcin/web/adm/puppy-kit,1434050745,,200
a10878,::1,GET,http://localhost/royalcin/web/adm/puppy-kit,1434050758,,200
bea71e,::1,GET,http://localhost/royalcin/web/adm/puppy-kit,1434050773,,200
9a220d,::1,GET,http://localhost/royalcin/web/adm/puppy-kit?success=1,1434050824,,200
92c6d2,::1,GET,http://localhost/royalcin/web/adm/puppy-kit?success=1,1434050849,,200
9d00fe,::1,GET,http://localhost/royalcin/web/adm/puppy-kit?success=1,1434050865,,200
aef9ea,::1,GET,http://localhost/royalcin/web/adm/puppy-kit?success=1,1434050895,,200
6d4616,::1,GET,http://localhost/royalcin/web/adm/puppy-kit?success=1,1434050923,,200
2e76fd,::1,GET,http://localhost/royalcin/web/adm/puppy-kit?success=1,1434050964,,200
d3d05e,::1,GET,http://localhost/royalcin/web/adm/puppy-kit?success=1,1434050989,,200
57b646,::1,GET,http://localhost/royalcin/web/adm/puppy-kit?success=1,1434051020,,200
41236c,::1,POST,http://localhost/royalcin/web/adm/puppy-kit-filter,1434051024,,200
d4139d,::1,POST,http://localhost/royalcin/web/adm/puppy-kit-filter,1434051029,,200
786bf3,::1,GET,http://localhost/royalcin/web/adm/puppy-kit,1434051033,,200
738477,::1,GET,http://localhost/royalcin/web/adm/puppy-kit,1434051045,,200
ae5793,::1,GET,http://localhost/royalcin/web/adm/puppy-kit,1434052598,,200
fed625,::1,POST,http://localhost/royalcin/web/cinotecnico/select,1434052602,,200
0d2203,::1,GET,http://localhost/royalcin/web/adm/puppy-kit,1434052692,,200
2d2147,::1,POST,http://localhost/royalcin/web/cinotecnico/select,1434052698,,200
49aea8,127.0.0.1,GET,http://localhost/royalcin/web/adm/puppy-kit,1434052723,,200
e5afe0,127.0.0.1,POST,http://localhost/royalcin/web/cinotecnico/select,1434052727,,200
771ca8,::1,GET,http://localhost/royalcin/web/adm/puppy-kit,1434052900,,200
a80335,::1,POST,http://localhost/royalcin/web/cinotecnico/select,1434052905,,200
f2a870,::1,POST,http://localhost/royalcin/web/cinotecnico/select,1434052908,,200
f71a0c,::1,POST,http://localhost/royalcin/web/cinotecnico/select,1434052910,,200
ac6ecb,::1,GET,http://localhost/royalcin/web/adm/puppy-kit,1434053126,,200
13d97d,::1,POST,http://localhost/royalcin/web/cinotecnico/select,1434053134,,200
82601a,::1,POST,http://localhost/royalcin/web/cinotecnico/select,1434053139,,200
20853d,::1,POST,http://localhost/royalcin/web/cinotecnico/select,1434053146,,200
a39cf8,::1,POST,http://localhost/royalcin/web/cinotecnico/select,1434053149,,200
7bdf37,::1,GET,http://localhost/royalcin/web/adm/puppy-kit,1434053200,,200
6aab85,::1,POST,http://localhost/royalcin/web/cinotecnico/select,1434053206,,200
508f99,::1,POST,http://localhost/royalcin/web/cinotecnico/select,1434053208,,200
b97456,::1,GET,http://localhost/royalcin/web/adm/puppy-kit,1434053228,,200
dd9830,::1,POST,http://localhost/royalcin/web/cinotecnico/select,1434053234,,200
a83aa4,::1,POST,http://localhost/royalcin/web/cinotecnico/select,1434053237,,200
548a97,::1,GET,http://localhost/royalcin/web/adm/puppy-kit,1434053261,,200
52aa79,::1,POST,http://localhost/royalcin/web/cinotecnico/select,1434053265,,200
e020d9,::1,POST,http://localhost/royalcin/web/cinotecnico/select,1434053267,,200
879430,::1,POST,http://localhost/royalcin/web/cinotecnico/select,1434053268,,200
aea1b5,::1,POST,http://localhost/royalcin/web/cinotecnico/select,1434053269,,200
407b3f,::1,GET,http://localhost/royalcin/web/adm/puppy-kit,1434053304,,200
5d70f4,::1,POST,http://localhost/royalcin/web/cinotecnico/select,1434053308,,200
73aad4,::1,POST,http://localhost/royalcin/web/cinotecnico/select,1434053312,,200
a2a5c2,::1,GET,http://localhost/royalcin/web/adm/puppy-kit,1434053317,,200
5931e4,::1,POST,http://localhost/royalcin/web/cinotecnico/select,1434053320,,200
49222e,::1,POST,http://localhost/royalcin/web/cinotecnico/select,1434053323,,200
7c1b53,::1,POST,http://localhost/royalcin/web/cinotecnico/select,1434053325,,200
d9cfae,::1,POST,http://localhost/royalcin/web/cinotecnico/select,1434053326,,200
53591e,::1,POST,http://localhost/royalcin/web/cinotecnico/select,1434053333,,200
a97588,::1,POST,http://localhost/royalcin/web/cinotecnico/select,1434053337,,200
f20004,::1,GET,http://localhost/royalcin/web/adm/puppy-kit,1434053424,,200
0a6a2b,127.0.0.1,POST,http://localhost/royalcin/web/cinotecnico/select,1434053431,,200
f03336,127.0.0.1,POST,http://localhost/royalcin/web/cinotecnico/select,1434053435,,200
39c77a,127.0.0.1,POST,http://localhost/royalcin/web/cinotecnico/select,1434053440,,200
6222dc,127.0.0.1,POST,http://localhost/royalcin/web/cinotecnico/select,1434053442,,200
3b766e,127.0.0.1,GET,http://localhost/royalcin/web/adm/puppy-kit,1434053467,,200
22fcd4,127.0.0.1,POST,http://localhost/royalcin/web/cinotecnico/select,1434053473,,200
57dfc7,127.0.0.1,GET,http://localhost/royalcin/web/adm/puppy-kit,1434053527,,200
58f4fa,127.0.0.1,GET,http://localhost/royalcin/web/adm/puppy-kit,1434053531,,200
e1c93b,127.0.0.1,POST,http://localhost/royalcin/web/cinotecnico/select,1434053535,,200
e9e141,127.0.0.1,POST,http://localhost/royalcin/web/cinotecnico/select,1434053537,,200
6f2233,127.0.0.1,POST,http://localhost/royalcin/web/cinotecnico/select,1434053540,,200
43a908,127.0.0.1,POST,http://localhost/royalcin/web/cinotecnico/select,1434053542,,200
73bfa4,127.0.0.1,POST,http://localhost/royalcin/web/cinotecnico/select,1434053545,,200
6ed8cd,127.0.0.1,POST,http://localhost/royalcin/web/cinotecnico/select,1434053549,,200
1af361,127.0.0.1,POST,http://localhost/royalcin/web/cinotecnico/select,1434053552,,200
8e7860,::1,GET,http://localhost/royalcin/web/adm/puppy-kit,1434053618,,200
53be08,::1,POST,http://localhost/royalcin/web/cinotecnico/select,1434053625,,200
1eaea4,::1,POST,http://localhost/royalcin/web/cinotecnico/select,1434053651,,200
9bd02d,::1,GET,http://localhost/royalcin/web/adm/puppy-kit,1434053658,,200
a40e90,::1,GET,http://localhost/royalcin/web/adm/puppy-kit,1434053684,,200
efb5a7,::1,POST,http://localhost/royalcin/web/cinotecnico/select,1434053687,,200
9a51cf,::1,POST,http://localhost/royalcin/web/cinotecnico/select,1434053689,,200
cd89bf,::1,GET,http://localhost/royalcin/web/adm/puppy-kit,1434053697,,200
032551,::1,POST,http://localhost/royalcin/web/cinotecnico/select,1434053705,,200
a1d184,::1,GET,http://localhost/royalcin/web/adm/puppy-kit,1434053728,,200
10b285,::1,GET,http://localhost/royalcin/web/adm/puppy-kit,1434053756,,200
002125,::1,POST,http://localhost/royalcin/web/cinotecnico/select,1434053760,,200
dcff12,::1,POST,http://localhost/royalcin/web/cinotecnico/select,1434053762,,200
930ff5,::1,POST,http://localhost/royalcin/web/cinotecnico/select,1434053764,,200
40f930,::1,GET,http://localhost/royalcin/web/adm/puppy-kit,1434053863,,200
aa491a,::1,POST,http://localhost/royalcin/web/cinotecnico/select,1434053867,,200
8c2560,::1,POST,http://localhost/royalcin/web/cinotecnico/select,1434053869,,200
79e8bb,::1,POST,http://localhost/royalcin/web/cinotecnico/select,1434053869,,200
597696,::1,POST,http://localhost/royalcin/web/cinotecnico/select,1434053871,,200
51c2b3,::1,POST,http://localhost/royalcin/web/cinotecnico/select,1434053871,,200
154ec0,::1,POST,http://localhost/royalcin/web/cinotecnico/select,1434053872,,200
4ff12e,::1,POST,http://localhost/royalcin/web/cinotecnico/select,1434053875,,200
a4cfbb,::1,POST,http://localhost/royalcin/web/cinotecnico/select,1434053876,,200
1ab0c7,::1,POST,http://localhost/royalcin/web/cinotecnico/select,1434053878,,200
516678,::1,GET,http://localhost/royalcin/web/adm/puppy-kit,1434053883,,200
cecefc,::1,POST,http://localhost/royalcin/web/cinotecnico/select,1434053886,,200
c6dd49,::1,POST,http://localhost/royalcin/web/cinotecnico/select,1434053888,,200
ddb783,::1,GET,http://localhost/royalcin/web/adm/puppy-kit,1434054033,,200
805fd4,::1,GET,http://localhost/royalcin/web/adm/puppy-kit,1434054067,,200
eb7fce,::1,GET,http://localhost/royalcin/web/adm/puppy-kit,1434054095,,200
0af22c,::1,POST,http://localhost/royalcin/web/adm/puppy-kit-issue,1434054099,,200
1e5f5b,::1,POST,http://localhost/royalcin/web/adm/puppy-kit-issue,1434054131,,200
8d707d,::1,GET,http://localhost/royalcin/web/adm/puppy-kit-filter,1434054133,,405
9c43db,::1,POST,http://localhost/royalcin/web/adm/puppy-kit-issue,1434054142,,200
b5e6f6,::1,GET,http://localhost/royalcin/web/adm/puppy-kit,1434054177,,200
6d84f2,::1,POST,http://localhost/royalcin/web/adm/puppy-kit-issue,1434054181,,200
8e608f,::1,GET,http://localhost/royalcin/web/adm/puppy-kit,1434054216,,500
560d2f,::1,GET,http://localhost/royalcin/web/adm/puppy-kit,1434054293,,200
ac8503,::1,POST,http://localhost/royalcin/web/adm/puppy-kit-issue,1434054297,,200
aaf862,::1,POST,http://localhost/royalcin/web/adm/puppy-kit-issue,1434054305,,200
37d875,::1,POST,http://localhost/royalcin/web/adm/puppy-kit-filter,1434054309,,200
ec6d99,::1,POST,http://localhost/royalcin/web/adm/puppy-kit-issue,1434054311,,200
186fcd,::1,POST,http://localhost/royalcin/web/adm/puppy-kit-issue,1434054320,,200
ff9811,::1,POST,http://localhost/royalcin/web/adm/puppy-kit-issue,1434054411,,200
d7448d,::1,POST,http://localhost/royalcin/web/adm/puppy-kit-issue,1434054457,,200
6b6f58,::1,GET,http://localhost/royalcin/web/adm/puppy-kit,1434054508,,200
2ccd4b,::1,POST,http://localhost/royalcin/web/adm/puppy-kit-issue,1434054515,,200
496e37,::1,POST,http://localhost/royalcin/web/adm/puppy-kit-issue-send,1434054521,,302
89840e,::1,GET,http://localhost/royalcin/web/adm/puppy-kit?success=1,1434054522,,200
5a88db,::1,POST,http://localhost/royalcin/web/adm/puppy-kit-issue,1434054585,,200
a089ed,::1,POST,http://localhost/royalcin/web/adm/puppy-kit-issue,1434054757,,200
2074fa,::1,POST,http://localhost/royalcin/web/adm/puppy-kit-issue,1434054835,,200
b9eeb5,::1,GET,http://localhost/royalcin/web/adm/puppy-kit,1434054838,,200
63a9e1,127.0.0.1,GET,http://localhost/royalcin/web/adm/puppy-kit,1434055125,,200
652b2b,::1,GET,http://localhost/royalcin/web/adm/puppy-kit,1434055203,,200
d0ab9e,::1,GET,http://localhost/royalcin/web/adm/puppy-kit,1434055266,,200
b49399,::1,GET,http://localhost/royalcin/web/adm/puppy-kit,1434055269,,200
ee11e2,::1,GET,http://localhost/royalcin/web/adm/puppy-kit,1434055323,,200
eb550c,::1,GET,http://localhost/royalcin/web/adm/puppy-kit,1434055342,,200
3e1751,::1,POST,http://localhost/royalcin/web/adm/puppy-kit-issue,1434055372,,200
b5c8c7,::1,GET,http://localhost/royalcin/web/adm/puppy-kit,1434055454,,200
969653,::1,POST,http://localhost/royalcin/web/adm/puppy-kit-issue,1434055457,,200
1261f3,::1,POST,http://localhost/royalcin/web/adm/puppy-kit-issue,1434055468,,200
b584dd,::1,POST,http://localhost/royalcin/web/adm/puppy-kit-issue,1434055561,,500
003b3f,::1,POST,http://localhost/royalcin/web/adm/puppy-kit-issue,1434055570,,200
a023b0,::1,POST,http://localhost/royalcin/web/adm/puppy-kit-issue,1434055608,,200
7b7ac6,::1,POST,http://localhost/royalcin/web/adm/puppy-kit-issue,1434055657,,200
fe8a2d,::1,POST,http://localhost/royalcin/web/adm/puppy-kit-issue,1434055660,,200
24177e,::1,POST,http://localhost/royalcin/web/adm/puppy-kit-issue,1434055675,,200
d425ab,::1,POST,http://localhost/royalcin/web/adm/puppy-kit-issue,1434055714,,200
e730f3,::1,POST,http://localhost/royalcin/web/adm/puppy-kit-issue,1434055787,,200
ec0dc8,::1,POST,http://localhost/royalcin/web/adm/puppy-kit-issue-send,1434056100,,302
25fc35,::1,GET,http://localhost/royalcin/web/adm/puppy-kit?success=1,1434056100,,200
dddcac,::1,GET,http://localhost/royalcin/web/adm/puppy-kit?success=1,1434056147,,200
8eea65,::1,POST,http://localhost/royalcin/web/adm/puppy-kit-issue,1434056188,,200
566716,::1,POST,http://localhost/royalcin/web/adm/puppy-kit-issue-send,1434056202,,302
cd6346,::1,GET,http://localhost/royalcin/web/adm/puppy-kit?success=1,1434056202,,200
582986,::1,GET,http://localhost/royalcin/web/adm/puppy-kit?success=1,1434056214,,200
7185d8,::1,GET,http://localhost/royalcin/web/adm/puppy-kit?success=1,1434056867,,200
f36214,::1,GET,http://localhost/royalcin/web/adm/puppy-kit?success=1,1434056890,,200
fd498c,::1,GET,http://localhost/royalcin/web/adm/puppy-kit,1434056897,,200
3e98a4,::1,GET,http://localhost/royalcin/web/adm/puppy-kit,1434056929,,200
8de715,::1,POST,http://localhost/royalcin/web/adm/puppy-kit-issue,1434056935,,200
44453f,::1,POST,http://localhost/royalcin/web/adm/puppy-kit-issue,1434056941,,200
bcc844,::1,POST,http://localhost/royalcin/web/adm/puppy-kit-issue,1434056944,,200
23a138,::1,GET,http://localhost/royalcin/web/adm/puppy-kit,1434057003,,200
a3edab,::1,POST,http://localhost/royalcin/web/adm/puppy-kit-issue,1434057011,,200
0ba51d,::1,GET,http://localhost/royalcin/web/adm/puppy-kit,1434057046,,200
4ad848,::1,GET,http://localhost/royalcin/web/puppy-kit,1434057064,,200
c3f6c0,::1,POST,http://localhost/royalcin/web/breed/select,1434057071,,200
a5c3d9,::1,POST,http://localhost/royalcin/web/puppy-kit/send,1434057076,,302
0e0dde,::1,GET,http://localhost/royalcin/web/puppy-kit?success=1,1434057077,,200
7e6da1,::1,GET,http://localhost/royalcin/web/adm/puppy-kit,1434057084,,200
190745,::1,POST,http://localhost/royalcin/web/adm/puppy-kit-issue,1434057093,,200
901d52,::1,POST,http://localhost/royalcin/web/adm/puppy-kit-issue,1434057096,,200
a04f67,::1,POST,http://localhost/royalcin/web/adm/puppy-kit-issue,1434057112,,200
d5621a,::1,GET,http://localhost/royalcin/web/adm/puppy-kit,1434057115,,200
3b3f16,::1,GET,http://localhost/royalcin/web/adoption-kit,1434057130,,200
f766b6,::1,POST,http://localhost/royalcin/web/size-animal/select,1434057136,,405
6b43f1,::1,POST,http://localhost/royalcin/web/size-animal/select,1434057138,,405
861dfc,::1,POST,http://localhost/royalcin/web/adoption-kit/send,1434057142,,302
da040b,::1,GET,http://localhost/royalcin/web/adoption-kit?success=1,1434057143,,200
5d2e44,::1,GET,http://localhost/royalcin/web/adm/puppy-kit,1434057148,,200
3451c1,::1,POST,http://localhost/royalcin/web/adm/puppy-kit-issue,1434057152,,200
66e67a,::1,POST,http://localhost/royalcin/web/adm/puppy-kit-issue-send,1434057191,,302
5f5168,::1,GET,http://localhost/royalcin/web/adm/puppy-kit?success=1,1434057192,,200
e29664,::1,GET,http://localhost/royalcin/web/ad,1434367820,,404
a8ed95,::1,GET,http://localhost/royalcin/web/adm/puppy-kit,1434367847,,200
ccfcac,::1,GET,http://localhost/royalcin/web/puppy-kit,1434369506,,200
a4867f,::1,POST,http://localhost/royalcin/web/breed/select,1434369512,,200
3d5664,::1,POST,http://localhost/royalcin/web/puppy-kit/send,1434369518,,302
26050e,::1,GET,http://localhost/royalcin/web/puppy-kit?success=1,1434369519,,200
1269f6,::1,GET,http://localhost/royalcin/web/adm/puppy-kit,1434369520,,200
66dddd,::1,POST,http://localhost/royalcin/web/breed/select,1434369545,,200
e6a608,::1,POST,http://localhost/royalcin/web/puppy-kit/send,1434369549,,302
0bd00b,::1,GET,http://localhost/royalcin/web/puppy-kit?success=1,1434369550,,200
096d48,::1,GET,http://localhost/royalcin/web/adm/puppy-kit,1434369551,,200
9bc1dd,::1,POST,http://localhost/royalcin/web/puppy-kit/send,1434369564,,302
8132ae,::1,GET,http://localhost/royalcin/web/puppy-kit?success=1,1434369565,,200
495099,::1,GET,http://localhost/royalcin/web/adm/puppy-kit,1434369566,,200
9a60e7,::1,POST,http://localhost/royalcin/web/breed/select,1434369686,,200
e25c09,::1,POST,http://localhost/royalcin/web/puppy-kit/send,1434369690,,302
155532,::1,GET,http://localhost/royalcin/web/puppy-kit?success=1,1434369690,,200
8f95e1,::1,GET,http://localhost/royalcin/web/puppy-kit?success=1,1434369810,,200
82c3d0,::1,POST,http://localhost/royalcin/web/puppy-kit/send,1434369817,,302
501c38,::1,GET,http://localhost/royalcin/web/puppy-kit?success=1,1434369818,,200
054157,::1,POST,http://localhost/royalcin/web/puppy-kit/send,1434369828,,302
3471d8,::1,GET,http://localhost/royalcin/web/puppy-kit?success=1,1434369829,,200
3d88a5,::1,GET,http://localhost/royalcin/web/adm/puppy-kit,1434369867,,200
f68df3,::1,POST,http://localhost/royalcin/web/adm/puppy-kit-issue,1434369874,,200
d1f1de,::1,POST,http://localhost/royalcin/web/adm/puppy-kit-issue,1434369948,,200
e14905,::1,POST,http://localhost/royalcin/web/adm/puppy-kit-issue,1434369956,,200
d12d30,::1,POST,http://localhost/royalcin/web/adm/puppy-kit-issue,1434369987,,200
b362ca,::1,GET,http://localhost/royalcin/web/adm/puppy-kit-issue,1434369992,,405
3011ba,::1,GET,http://localhost/royalcin/web/adm/puppy-kit,1434370011,,200
aaa306,::1,POST,http://localhost/royalcin/web/adm/puppy-kit-issue,1434370014,,200
a0bbf1,::1,GET,http://localhost/royalcin/web/adm/puppy-kit,1434370017,,200
98cb5a,::1,GET,http://localhost/royalcin/web/puppy-kit,1434370135,,200
faf0b2,::1,GET,http://localhost/royalcin/web/adoption-kit,1434370149,,200
29c19d,::1,GET,http://localhost/royalcin/web/puppy-kit,1434370152,,200
763a29,::1,GET,http://localhost/royalcin/web/puppy-kit,1434370178,,200
d3115d,::1,POST,http://localhost/royalcin/web/puppy-kit/send,1434370188,,302
913249,::1,GET,http://localhost/royalcin/web/puppy-kit?success=1,1434370188,,200
990b18,::1,GET,http://localhost/royalcin/web/adm/puppy-kit,1434370195,,200
b48533,::1,POST,http://localhost/royalcin/web/adm/puppy-kit-issue,1434370204,,200
c1caaa,::1,GET,http://localhost/royalcin/web/adm/puppy-kit,1434370206,,200
868fa6,::1,POST,http://localhost/royalcin/web/adm/puppy-kit-issue,1434370211,,200
b3b7fd,::1,GET,http://localhost/royalcin/web/adm/puppy-kit,1434370213,,200
e10398,::1,GET,http://localhost/royalcin/web/adoption-kit,1434370217,,200
ee59b1,::1,GET,http://localhost/royalcin/web/puppy-kit,1434370252,,200
dc026d,::1,GET,http://localhost/royalcin/web/adoption-kit,1434370266,,200
25813b,::1,POST,http://localhost/royalcin/web/adoption-kit/send,1434370271,,302
ce2b89,::1,GET,http://localhost/royalcin/web/adoption-kit?success=1,1434370272,,200
07a4a3,::1,GET,http://localhost/royalcin/web/adm/puppy-kit,1434370277,,200
abfdd0,::1,POST,http://localhost/royalcin/web/adoption-kit/send,1434370293,,302
8546e3,::1,GET,http://localhost/royalcin/web/adoption-kit?success=1,1434370293,,200
ac71a2,::1,GET,http://localhost/royalcin/web/adm/puppy-kit,1434370294,,200
7c2d79,::1,GET,http://localhost/royalcin/web/adm/puppy-kit,1434370327,,200
6f7432,::1,GET,http://localhost/royalcin/web/adm/puppy-kit,1434370699,,200
1e78e2,::1,POST,http://localhost/royalcin/web/adm/puppy-kit-issue,1434370701,,200
558e58,::1,GET,http://localhost/royalcin/web/adm/puppy-kit,1434370757,,200
b24ee5,::1,POST,http://localhost/royalcin/web/adm/puppy-kit-issue,1434370760,,200
380778,::1,GET,http://localhost/royalcin/web/adm/puppy-kit,1434370788,,200
7b9148,::1,POST,http://localhost/royalcin/web/adm/puppy-kit-issue,1434370791,,200
ee51ce,::1,GET,http://localhost/royalcin/web/adm/puppy-kit,1434370793,,200
10c44e,::1,GET,http://localhost/royalcin/web/adm/puppy-kit,1434370811,,200
f934f6,::1,POST,http://localhost/royalcin/web/adm/puppy-kit-issue,1434370821,,200
e2ee25,::1,GET,http://localhost/royalcin/web/adm/puppy-kit,1434370829,,200
9175ae,::1,GET,http://localhost/royalcin/web/adm/puppy-kit,1434370874,,200
4e3e04,::1,POST,http://localhost/royalcin/web/adm/puppy-kit-issue,1434370878,,200
f4dc3c,::1,POST,http://localhost/royalcin/web/adm/puppy-kit-issue-detail,1434371028,,500
5f9113,::1,POST,http://localhost/royalcin/web/adm/puppy-kit-issue-detail,1434371055,,200
f25bf2,::1,POST,http://localhost/royalcin/web/adm/puppy-kit-issue-detail,1434371144,,200
a3dbe7,::1,POST,http://localhost/royalcin/web/adm/puppy-kit-issue-detail,1434371192,,200
56b667,::1,POST,http://localhost/royalcin/web/adm/puppy-kit-issue-detail,1434371215,,200
25d20c,::1,POST,http://localhost/royalcin/web/adm/puppy-kit-issue-detail,1434371228,,200
968412,::1,POST,http://localhost/royalcin/web/adm/puppy-kit-issue-detail,1434371405,,200
05b1d6,::1,POST,http://localhost/royalcin/web/adm/puppy-kit-issue-detail,1434371437,,500
769476,::1,POST,http://localhost/royalcin/web/adm/puppy-kit-issue-detail,1434371444,,500
21f384,::1,POST,http://localhost/royalcin/web/adm/puppy-kit-issue-detail,1434371524,,500
f921cc,::1,GET,http://localhost/royalcin/web/adoption-kit?success=1,1434371581,,200
c5cf6f,::1,POST,http://localhost/royalcin/web/adm/puppy-kit-issue-detail,1434371583,,200
035174,::1,POST,http://localhost/royalcin/web/adm/puppy-kit-issue-detail,1434371599,,200
992b4c,::1,POST,http://localhost/royalcin/web/adm/puppy-kit-issue-detail,1434371616,,200
94de15,::1,POST,http://localhost/royalcin/web/adm/puppy-kit-issue-detail,1434371627,,200
b68673,::1,POST,http://localhost/royalcin/web/adm/puppy-kit-issue-detail,1434371722,,200
93213c,::1,POST,http://localhost/royalcin/web/adm/puppy-kit-issue-detail,1434371731,,200
ac8de1,::1,POST,http://localhost/royalcin/web/adm/puppy-kit-issue-detail,1434371740,,200
f160bd,::1,GET,http://localhost/royalcin/web/adoption-kit?success=1,1434372105,,200
016c7b,::1,POST,http://localhost/royalcin/web/adm/puppy-kit-issue-detail,1434372108,,200
0a9f8b,::1,GET,http://localhost/royalcin/web/adoption-kit?success=1,1434372141,,200
a9697e,::1,GET,http://localhost/royalcin/web/adoption-kit?success=1,1434372170,,200
5dadf1,::1,GET,http://localhost/royalcin/web/adoption-kit?success=1,1434372175,,200
f176b4,::1,POST,http://localhost/royalcin/web/adm/puppy-kit-issue-detail,1434372181,,200
5252ee,::1,POST,http://localhost/royalcin/web/adm/puppy-kit-issue-detail,1434372200,,200
757042,::1,GET,http://localhost/royalcin/web/adoption-kit/123,1434372209,,404
635800,::1,GET,http://localhost/royalcin/web/adoption-kit,1434372213,,200
53aa7d,::1,POST,http://localhost/royalcin/web/adm/puppy-kit-issue-detail,1434372325,,200
8b7d4b,::1,POST,http://localhost/royalcin/web/adm/puppy-kit-issue-detail,1434372355,,200
dbad05,::1,POST,http://localhost/royalcin/web/adm/puppy-kit-issue-detail,1434372370,,200
c8f542,::1,GET,http://localhost/royalcin/web/puppy-kit,1434372378,,200
8f3e4f,::1,GET,http://localhost/royalcin/web/adoption-kit,1434372382,,200
b3ae25,::1,GET,http://localhost/royalcin/web/puppy-kit,1434372385,,200
c7a705,::1,GET,http://localhost/royalcin/web/puppy-kit,1434372391,,200
daa515,::1,POST,http://localhost/royalcin/web/adm/puppy-kit-issue-detail,1434372395,,200
561260,::1,GET,http://localhost/royalcin/web/adm/puppy-kit,1434372407,,200
9bd77a,::1,POST,http://localhost/royalcin/web/adm/puppy-kit-issue-detail,1434372411,,200
4c199f,::1,POST,http://localhost/royalcin/web/adm/puppy-kit-issue-detail,1434372414,,200
d90dae,::1,GET,http://localhost/royalcin/web/adm/puppy-kit,1434372430,,200
76a063,::1,POST,http://localhost/royalcin/web/adm/puppy-kit-issue,1434372434,,200
09c880,::1,POST,http://localhost/royalcin/web/adm/puppy-kit-issue,1434372437,,200
e390b9,::1,POST,http://localhost/royalcin/web/adm/puppy-kit-issue-detail,1434372440,,200
cdac85,::1,POST,http://localhost/royalcin/web/adm/puppy-kit-issue,1434372445,,200
6d2eec,::1,POST,http://localhost/royalcin/web/adm/puppy-kit-issue-detail,1434372570,,200
dc00e7,::1,GET,http://localhost/royalcin/web/adm/puppy-kit,1434374548,,200
716e30,::1,POST,http://localhost/royalcin/web/adm/puppy-kit-issue,1434374554,,200
69c46f,::1,GET,http://localhost/royalcin/web/adm/puppy-kit,1434376216,,200
11538c,::1,POST,http://localhost/royalcin/web/adm/puppy-kit-issue,1434376221,,200
a5368c,::1,POST,http://localhost/royalcin/web/adm/puppy-kit-issue-send,1434376238,,500
914feb,::1,POST,http://localhost/royalcin/web/adm/puppy-kit-issue-send,1434376275,,500
f5a63e,::1,POST,http://localhost/royalcin/web/adm/puppy-kit-issue-send,1434376344,,500
611b0a,::1,POST,http://localhost/royalcin/web/adm/puppy-kit-issue-send,1434376351,,500
0b0b5f,::1,POST,http://localhost/royalcin/web/adm/puppy-kit-issue-send,1434376383,,302
d41424,::1,GET,http://localhost/royalcin/web/adm/puppy-kit?success=1,1434376384,,200
b9627e,::1,POST,http://localhost/royalcin/web/adm/puppy-kit-issue,1434376570,,200
bd00f9,::1,POST,http://localhost/royalcin/web/adm/puppy-kit-issue-send,1434376576,,302
a286ab,::1,GET,http://localhost/royalcin/web/adm/puppy-kit?success=1,1434376577,,200
29dc13,::1,GET,http://localhost/royalcin/web/adm/puppy-kit?success=1,1434377235,,200
96efe0,127.0.0.1,GET,http://localhost/royalcin/web/adm/puppy-kit?success=1,1434377330,,200
59390d,127.0.0.1,POST,http://localhost/royalcin/web/adm/puppy-kit-issue-detail,1434377336,,500
54bfa5,127.0.0.1,POST,http://localhost/royalcin/web/adm/puppy-kit-issue-detail,1434377387,,500
cec54a,::1,POST,http://localhost/royalcin/web/adm/puppy-kit-issue-detail,1434377404,,500
675612,::1,POST,http://localhost/royalcin/web/adm/puppy-kit-issue-detail,1434377429,,500
c734f8,::1,POST,http://localhost/royalcin/web/adm/puppy-kit-issue-detail,1434377519,,200
f272ad,::1,POST,http://localhost/royalcin/web/adm/puppy-kit-issue-detail,1434377632,,500
7cdee4,::1,POST,http://localhost/royalcin/web/adm/puppy-kit-issue-detail,1434377641,,500
d58dff,::1,POST,http://localhost/royalcin/web/adm/puppy-kit-issue-detail,1434377665,,500
40b1ae,::1,POST,http://localhost/royalcin/web/adm/puppy-kit-issue-detail,1434377686,,500
6d1a90,::1,POST,http://localhost/royalcin/web/adm/puppy-kit-issue-detail,1434377692,,500
578cab,::1,POST,http://localhost/royalcin/web/adm/puppy-kit-issue-detail,1434377709,,500
9c8e84,::1,POST,http://localhost/royalcin/web/adm/puppy-kit-issue-detail,1434377726,,200
18a78c,::1,POST,http://localhost/royalcin/web/adm/puppy-kit-issue-detail,1434377749,,200
3b7efd,::1,POST,http://localhost/royalcin/web/adm/puppy-kit-issue-detail,1434377769,,200
010eb8,::1,POST,http://localhost/royalcin/web/adm/puppy-kit-issue-detail,1434377791,,200
d83048,::1,POST,http://localhost/royalcin/web/adm/puppy-kit-issue-detail,1434377801,,200
83ec73,::1,POST,http://localhost/royalcin/web/adm/puppy-kit-issue-detail,1434377824,,200
0e103e,::1,POST,http://localhost/royalcin/web/adm/puppy-kit-issue-detail,1434377844,,200
44c97e,::1,POST,http://localhost/royalcin/web/adm/puppy-kit-issue-detail,1434377995,,200
ef884c,::1,POST,http://localhost/royalcin/web/adm/puppy-kit-issue-detail,1434378028,,200
d07e4b,::1,POST,http://localhost/royalcin/web/adm/puppy-kit-issue-detail,1434378053,,200
7e6e1b,::1,POST,http://localhost/royalcin/web/adm/puppy-kit-issue-detail,1434378111,,200
540bc6,::1,POST,http://localhost/royalcin/web/adm/puppy-kit-issue-detail,1434378221,,200
7696a2,::1,POST,http://localhost/royalcin/web/adm/puppy-kit-issue-detail-send/143/2/2,1434378226,,405
e927e9,::1,POST,http://localhost/royalcin/web/adm/puppy-kit-issue-detail,1434378250,,200
4855f2,::1,POST,http://localhost/royalcin/web/adm/puppy-kit-issue-detail,1434378480,,200
40734c,::1,POST,http://localhost/royalcin/web/adm/puppy-kit-issue-detail,1434378506,,200
ccd9a0,::1,POST,http://localhost/royalcin/web/adm/puppy-kit-issue-detail,1434378571,,200
236742,::1,GET,http://localhost/royalcin/web/adm/puppy-kit-issue-detail-send/144/1/2/1,1434378575,,404
857a5c,::1,POST,http://localhost/royalcin/web/adm/puppy-kit-issue-detail,1434378586,,200
9d0598,::1,POST,http://localhost/royalcin/web/adm/puppy-kit-issue-detail-send/144/1/2/0,1434378590,,404
34ffba,::1,POST,http://localhost/royalcin/web/adm/puppy-kit-issue-detail,1434378605,,200
1f353b,::1,POST,http://localhost/royalcin/web/adm/puppy-kit-issue-detail-send/144/1/2/?type=1,1434378609,,404
a77245,::1,POST,http://localhost/royalcin/web/adm/puppy-kit-issue-detail,1434378627,,200
9ceb2c,::1,POST,http://localhost/royalcin/web/adm/puppy-kit-issue-detail,1434378852,,200
9ff929,::1,POST,http://localhost/royalcin/web/adm/puppy-kit-issue-detail,1434378874,,200
30ac86,::1,POST,http://localhost/royalcin/web/adm/puppy-kit-issue-detail-send/144/1/2?type=0,1434378878,,200
821407,::1,POST,http://localhost/royalcin/web/adm/puppy-kit-issue-detail-send/143/2/2?type=1,1434378880,,200
c7da23,::1,POST,http://localhost/royalcin/web/adm/puppy-kit-issue-detail,1434378907,,200
05890a,::1,POST,http://localhost/royalcin/web/adm/puppy-kit-issue-detail-send/144/1/2?type=1,1434378912,,200
7de9a9,::1,POST,http://localhost/royalcin/web/adm/puppy-kit-issue-detail-send/143/2/2?type=0,1434378914,,200
c09a82,::1,POST,http://localhost/royalcin/web/adm/puppy-kit-issue-detail,1434378978,,200
edc71a,::1,POST,http://localhost/royalcin/web/adm/puppy-kit-issue-detail-send/144/1/2?type=0,1434378985,,200
97bca8,::1,POST,http://localhost/royalcin/web/adm/puppy-kit-issue-detail-send/143/2/2?type=1,1434378991,,200
0d735c,::1,POST,http://localhost/royalcin/web/adm/puppy-kit-issue-detail,1434379109,,200
157482,::1,POST,http://localhost/royalcin/web/adm/puppy-kit-issue-detail-send/143/2/2?type=0,1434379115,,200
cf65e6,::1,POST,http://localhost/royalcin/web/adm/puppy-kit-issue-detail,1434379175,,200
ef18d2,::1,POST,http://localhost/royalcin/web/adm/puppy-kit-issue-detail,1434379195,,200
b46c5d,::1,POST,http://localhost/royalcin/web/adm/puppy-kit-issue-detail-send/144/1/2?type=1,1434379199,,200
713a20,::1,POST,http://localhost/royalcin/web/adm/puppy-kit-issue-detail-send/144/1/2?type=0,1434379201,,200
5ba9f3,::1,POST,http://localhost/royalcin/web/adm/puppy-kit-issue-detail,1434379216,,200
8f4ae3,::1,POST,http://localhost/royalcin/web/adm/puppy-kit-issue-detail-send/143/2/2?type=1,1434379233,,200
66f1f6,::1,POST,http://localhost/royalcin/web/adm/puppy-kit-issue-detail,1434379289,,200
07de11,::1,POST,http://localhost/royalcin/web/adm/puppy-kit-issue-detail-send/144/1/2?type=1,1434379296,,200
c1a8b4,::1,POST,http://localhost/royalcin/web/adm/puppy-kit-issue-detail,1434379526,,200
14e2f1,::1,POST,http://localhost/royalcin/web/adm/puppy-kit-issue-detail,1434379552,,200
5b18e0,::1,GET,http://localhost/royalcin/web/adm/puppy-kit,1434379555,,200
280ba9,::1,POST,http://localhost/royalcin/web/adm/puppy-kit-issue-detail,1434379559,,200
d73b66,::1,POST,http://localhost/royalcin/web/adm/puppy-kit-issue-detail-send/142/10/15?type=1,1434379562,,200
e7cf72,::1,POST,http://localhost/royalcin/web/adm/puppy-kit-issue-detail,1434379569,,200
140bd5,::1,POST,http://localhost/royalcin/web/adm/puppy-kit-issue-detail,1434379891,,200
3d1849,::1,GET,http://localhost/royalcin/web/adm/puppy-kit,1434379893,,200
419dbe,::1,GET,http://localhost/royalcin/web/adm/puppy-kit,1434379925,,200
9dc6a0,::1,GET,http://localhost/royalcin/web/adm/puppy-kit,1434379991,,200
d58268,::1,GET,http://localhost/royalcin/web/adm/puppy-kit,1434380027,,200
c4fa34,::1,POST,http://localhost/royalcin/web/adm/puppy-kit-issue-detail,1434380034,,200
768f99,::1,POST,http://localhost/royalcin/web/adm/puppy-kit-issue-detail-send/144/1/2?type=1,1434380038,,200
66c7e7,::1,POST,http://localhost/royalcin/web/adm/puppy-kit-issue-detail,1434380053,,200
e83dcc,::1,POST,http://localhost/royalcin/web/adm/puppy-kit-issue-detail-send/143/2/2?type=1,1434380057,,200
0075db,::1,POST,http://localhost/royalcin/web/adm/puppy-kit-issue-detail-send/143/2/2?type=1,1434380061,,200
0dced2,::1,POST,http://localhost/royalcin/web/adm/puppy-kit-issue-detail,1434380073,,200
28efcd,::1,GET,http://localhost/royalcin/web/adm/puppy-kit,1434380076,,200
8f42f0,::1,GET,http://localhost/royalcin/web/adm/puppy-kit,1434380122,,200
b02673,::1,GET,http://localhost/royalcin/web/adm/puppy-kit,1434380163,,200
440df5,::1,POST,http://localhost/royalcin/web/adm/puppy-kit-issue-detail,1434380166,,200
78a8bc,::1,POST,http://localhost/royalcin/web/adm/puppy-kit-issue-detail-send/143/2/2?type=1,1434380171,,200
c2170a,::1,POST,http://localhost/royalcin/web/adm/puppy-kit-issue-detail-send/143/2/2?type=1,1434380180,,200
f4e78a,::1,POST,http://localhost/royalcin/web/adm/puppy-kit-issue-detail-send/144/1/2?type=1,1434380183,,200
238a8a,::1,GET,http://localhost/royalcin/web/adm/puppy-kit,1434380193,,200
0c7d0a,::1,GET,http://localhost/royalcin/web/adm/puppy-kit,1434380422,,200
876d87,::1,GET,http://localhost/royalcin/web/adm/puppy-kit,1434380429,,200
2a73ca,::1,POST,http://localhost/royalcin/web/adm/puppy-kit-issue-detail,1434380498,,200
16d8b4,::1,GET,http://localhost/royalcin/web/adm/puppy-kit,1434380506,,200
63aad2,::1,POST,http://localhost/royalcin/web/adm/puppy-kit-issue-detail,1434380510,,200
4e10d3,::1,POST,http://localhost/royalcin/web/adm/puppy-kit-issue-detail-send/141/0/2?type=1,1434380523,,200
29ad9b,::1,GET,http://localhost/royalcin/web/adm/puppy-kit,1434380544,,200
075fe6,::1,POST,http://localhost/royalcin/web/adm/puppy-kit-issue,1434380548,,200
1a513c,::1,GET,http://localhost/royalcin/web/adm/puppy-kit,1434380808,,200
d5408c,::1,POST,http://localhost/royalcin/web/adm/puppy-kit-issue-detail,1434380812,,200
740328,::1,POST,http://localhost/royalcin/web/adm/puppy-kit-issue-detail,1434380836,,200
b4d547,::1,GET,http://localhost/royalcin/web/adm/puppy-kit,1434380848,,200
585501,::1,GET,http://localhost/royalcin/web/adm/puppy-kit,1434383015,,500
7b9ac0,::1,GET,http://localhost/royalcin/web/adm/puppy-kit,1434383104,,500
b58f51,::1,GET,http://localhost/royalcin/web/adm/puppy-kit,1434383131,,200
73fd58,::1,POST,http://localhost/royalcin/web/adm/puppy-kit-issue-detail,1434383136,,200
df88e2,::1,POST,http://localhost/royalcin/web/adm/puppy-kit-issue-detail,1434383158,,200
aa1752,::1,POST,http://localhost/royalcin/web/adm/puppy-kit-issue-detail,1434383193,,200
11996e,::1,POST,http://localhost/royalcin/web/adm/puppy-kit-issue-detail,1434383275,,200
7200ee,::1,POST,http://localhost/royalcin/web/adm/puppy-kit-issue-detail,1434383314,,200
129ee2,::1,POST,http://localhost/royalcin/web/adm/puppy-kit-issue-detail,1434383619,,200
1f775c,::1,POST,http://localhost/royalcin/web/adm/puppy-kit-issue-detail-send/142,1434383627,,200
19a7fe,::1,POST,http://localhost/royalcin/web/adm/puppy-kit-issue-detail,1434383644,,200
c0f912,::1,GET,http://localhost/royalcin/web/adm/puppy-kit,1434383647,,200
4bf442,::1,POST,http://localhost/royalcin/web/adm/puppy-kit-issue,1434383653,,200
9384b0,::1,POST,http://localhost/royalcin/web/adm/puppy-kit-issue-send,1434383659,,500
dc3347,::1,POST,http://localhost/royalcin/web/adm/puppy-kit-issue-send,1434383758,,500
3a3c9d,::1,POST,http://localhost/royalcin/web/adm/puppy-kit-issue-send,1434383822,,500
4a656e,::1,POST,http://localhost/royalcin/web/adm/puppy-kit-issue-send,1434383905,,500
759117,::1,GET,http://localhost/royalcin/web/adm/puppy-kit-issue,1434383985,,405
1ac457,::1,GET,http://localhost/royalcin/web/adm/puppy-kit,1434383989,,200
e8279d,::1,POST,http://localhost/royalcin/web/adm/puppy-kit-issue,1434383996,,200
1a2e2d,::1,POST,http://localhost/royalcin/web/adm/puppy-kit-issue-send,1434384001,,500
ff4df3,::1,POST,http://localhost/royalcin/web/adm/puppy-kit-issue-send,1434391816,,500
fc0c52,::1,POST,http://localhost/royalcin/web/adm/puppy-kit-issue-send,1434391844,,500
7e3ae2,::1,GET,http://localhost/royalcin/web/adm/puppy-kit,1434391860,,500
8c995e,::1,GET,http://localhost/royalcin/web/adm/puppy-kit,1434391873,,200
03691d,::1,GET,http://localhost/royalcin/web/adm/puppy-kit,1434391874,,200
91a046,::1,POST,http://localhost/royalcin/web/adm/puppy-kit-issue,1434391926,,200
410a66,::1,POST,http://localhost/royalcin/web/adm/puppy-kit-issue-send,1434391932,,302
4d65fc,::1,GET,http://localhost/royalcin/web/adm/puppy-kit?success=1,1434391933,,200
c55953,::1,GET,http://localhost/royalcin/web/puppy-kit,1434391994,,200
77289a,::1,POST,http://localhost/royalcin/web/breed/select,1434391998,,200
8d6d42,::1,POST,http://localhost/royalcin/web/puppy-kit/send,1434392004,,302
6c53f1,::1,GET,http://localhost/royalcin/web/puppy-kit?success=1,1434392004,,200
bef5e7,::1,GET,http://localhost/royalcin/web/adm/puppy-kit?success=1,1434392006,,200
5f006c,::1,POST,http://localhost/royalcin/web/adm/puppy-kit-issue,1434392019,,200
e02f7a,::1,POST,http://localhost/royalcin/web/adm/puppy-kit-issue-detail,1434392027,,200
19e072,::1,POST,http://localhost/royalcin/web/adm/puppy-kit-issue-detail-send/145,1434392034,,200
35cb5c,::1,GET,http://localhost/royalcin/web/adm/puppy-kit,1434392057,,200
52fb69,::1,POST,http://localhost/royalcin/web/adm/puppy-kit-issue,1434392062,,200
0757d9,::1,POST,http://localhost/royalcin/web/adm/puppy-kit-issue,1434392080,,200
e19ff7,::1,POST,http://localhost/royalcin/web/adm/puppy-kit-issue-send,1434392095,,302
b0788f,::1,GET,http://localhost/royalcin/web/adm/puppy-kit?success=1,1434392096,,200
94b615,::1,POST,http://localhost/royalcin/web/adm/puppy-kit-filter,1434392185,,200
a22cd7,::1,POST,http://localhost/royalcin/web/adm/puppy-kit-issue-detail,1434392191,,200
2a6d15,::1,POST,http://localhost/royalcin/web/adm/puppy-kit-issue-detail-send/142,1434392199,,200
c33c4e,::1,GET,http://localhost/royalcin/web/adm/puppy-kit,1434392204,,200
c89ddf,::1,POST,http://localhost/royalcin/web/adm/puppy-kit-filter,1434392214,,200
6220c1,::1,POST,http://localhost/royalcin/web/adm/puppy-kit-filter,1434392229,,200
50c9db,::1,POST,http://localhost/royalcin/web/adm/puppy-kit-issue,1434392237,,200
fe9560,::1,POST,http://localhost/royalcin/web/adm/puppy-kit-issue,1434392247,,200
33e2ec,::1,POST,http://localhost/royalcin/web/adm/puppy-kit-issue-send,1434393113,,500
1a1879,::1,POST,http://localhost/royalcin/web/adm/puppy-kit-issue-send,1434393450,,302
0742ad,::1,GET,http://localhost/royalcin/web/adm/puppy-kit?success=1,1434393451,,200
270962,::1,GET,http://localhost/royalcin/web/adm/puppy-kit?success=1,1434393460,,200
da5e40,::1,POST,http://localhost/royalcin/web/adm/puppy-kit-filter,1434393483,,200
23ffb2,::1,POST,http://localhost/royalcin/web/adm/puppy-kit-issue,1434393488,,200
47a1b8,::1,POST,http://localhost/royalcin/web/adm/puppy-kit-issue-send,1434393494,,302
e26124,::1,GET,http://localhost/royalcin/web/adm/puppy-kit?success=1,1434393495,,200
b99f0f,::1,POST,http://localhost/royalcin/web/adm/puppy-kit-filter,1434393546,,200
8ed981,::1,POST,http://localhost/royalcin/web/adm/puppy-kit-issue,1434393551,,200
74436b,::1,POST,http://localhost/royalcin/web/adm/puppy-kit-issue,1434393644,,200
be9bad,::1,POST,http://localhost/royalcin/web/adm/puppy-kit-issue-send,1434393930,,500
1304d3,::1,POST,http://localhost/royalcin/web/adm/puppy-kit-issue-send,1434393997,,500
1e9534,::1,POST,http://localhost/royalcin/web/adm/puppy-kit-issue-send,1434394024,,500
48b6e6,::1,POST,http://localhost/royalcin/web/adm/puppy-kit-issue-send,1434394045,,500
97a37c,::1,POST,http://localhost/royalcin/web/adm/puppy-kit-issue-send,1434394053,,500
747aae,::1,POST,http://localhost/royalcin/web/adm/puppy-kit-issue-send,1434394077,,500
bf481d,::1,POST,http://localhost/royalcin/web/adm/puppy-kit-issue-send,1434394255,,500
cd6de5,::1,GET,http://localhost/royalcin/web/adm/puppy-kit-filter,1434394671,,405
d6d709,::1,GET,http://localhost/royalcin/web/adm/puppy-kit-filter,1434394672,,405
49d896,::1,POST,http://localhost/royalcin/web/adm/puppy-kit-filter,1434394689,,200
8ba6c4,::1,POST,http://localhost/royalcin/web/adm/puppy-kit-issue,1434394695,,200
5315ee,::1,POST,http://localhost/royalcin/web/adm/puppy-kit-issue-send,1434394700,,302
dfb759,::1,GET,http://localhost/royalcin/web/adm/puppy-kit?success=1,1434394701,,200
8c2078,::1,GET,http://localhost/royalcin/web/adm/puppy-kit?success=1,1434394744,,200
47bc62,::1,GET,http://localhost/royalcin/web/adm/puppy-kit?success=1,1434395190,,200
ea2557,::1,GET,http://localhost/royalcin/web/adm/puppy-kit?success=1,1434395429,,200
13b680,::1,POST,http://localhost/royalcin/web/adm/puppy-kit-issue-detail,1434395454,,200
07659f,::1,GET,http://localhost/royalcin/web/adm/puppy-kit,1434395669,,200
c38833,::1,POST,http://localhost/royalcin/web/adm/puppy-kit-issue-detail,1434395673,,200
dc14ed,::1,GET,http://localhost/royalcin/web/adm/puppy-kit,1434395692,,200
ce7bcc,::1,POST,http://localhost/royalcin/web/adm/puppy-kit-issue,1434395697,,200
80303d,::1,GET,http://localhost/royalcin/web/adoption-kit,1434396262,,200
ae2718,::1,GET,http://localhost/royalcin/web/puppy-kit,1434396304,,200
b9af86,::1,GET,http://localhost/royalcin/web/adoption-kit,1434396308,,200
ed2058,::1,GET,http://localhost/royalcin/web/puppy-kit,1434396342,,200
842021,::1,GET,http://localhost/royalcin/web/adoption-kit,1434396345,,200
9c2290,::1,GET,http://localhost/royalcin/web/puppy-kit,1434396504,,200
d08d2f,::1,GET,http://localhost/royalcin/web/adoption-kit,1434396507,,200
48d75a,::1,GET,http://localhost/royalcin/web/adoption-kit,1434396675,,200
c49fed,::1,GET,http://localhost/royalcin/web/adoption-kit,1434396720,,200
5aa309,::1,GET,http://localhost/royalcin/web/adoption-kit,1434396722,,200
587a26,::1,GET,http://localhost/royalcin/web/adoption-kit,1434396730,,200
93f99d,::1,GET,http://localhost/royalcin/web/puppy-kit,1434396732,,200
b4466f,::1,GET,http://localhost/royalcin/web/adoption-kit,1434396734,,200
294778,::1,GET,http://localhost/royalcin/web/puppy-kit,1434396819,,200
3b60bb,::1,GET,http://localhost/royalcin/web/adoption-kit,1434396821,,200
d75c57,::1,GET,http://localhost/royalcin/web/puppy-kit,1434396824,,200
84e7ca,::1,POST,http://localhost/royalcin/web/adm/puppy-kit-issue,1434397269,,200
89d004,::1,GET,http://localhost/royalcin/web/adm/kit/sended,1434397278,,405
fe2de2,::1,GET,http://localhost/royalcin/web/adm/kit/sended,1434397302,,500
bad01d,::1,GET,http://localhost/royalcin/web/adm/kit/sended,1434397388,,200
4db41d,::1,GET,http://localhost/royalcin/web/adm/kit/sended,1434397399,,200
f6c2a5,::1,GET,http://localhost/royalcin/web/adm/kit/sended,1434397414,,200
97e282,::1,GET,http://localhost/royalcin/web/adm/kit/sended,1434397424,,200
e00ce4,::1,GET,http://localhost/royalcin/web/adm/kit/sended,1434397556,,500
ef1588,::1,GET,http://localhost/royalcin/web/adm/kit/sended,1434397561,,200
d140dc,::1,GET,http://localhost/royalcin/web/adm/kit/sended,1434397771,,200
8220d7,::1,GET,http://localhost/royalcin/web/adm/kit/sended,1434397784,,200
eba85a,::1,GET,http://localhost/royalcin/web/adm/kit/sended,1434397800,,200
3ce67d,::1,POST,http://localhost/royalcin/web/adm/puppy-kit-filter,1434397822,,200
5af94e,::1,GET,http://localhost/royalcin/web/adm/kit/sended,1434397854,,200
ec9cca,::1,POST,http://localhost/royalcin/web/adm/kit/sended/filter,1434397857,,200
595875,::1,POST,http://localhost/royalcin/web/adm/kit/sended/filter,1434397865,,200
b69f2e,::1,POST,http://localhost/royalcin/web/adm/kit/sended/filter,1434397872,,200
198fc9,::1,POST,http://localhost/royalcin/web/adm/kit/sended/filter,1434397880,,200
ceea49,::1,POST,http://localhost/royalcin/web/adm/kit/sended/filter,1434397888,,200
30c90d,::1,GET,http://localhost/royalcin/web/adm/kit/sended/filter,1434398060,,405
f734ff,::1,GET,http://localhost/royalcin/web/adm/kit/sended,1434398089,,200
dcb5e7,::1,POST,http://localhost/royalcin/web/adm/kit/sended/filter,1434398096,,200
b89ccd,::1,POST,http://localhost/royalcin/web/adm/kit/sended/detail,1434399596,,200
c961aa,::1,POST,http://localhost/royalcin/web/adm/kit/sended/detail,1434399609,,200
f37d9c,::1,POST,http://localhost/royalcin/web/adm/kit/sended/detail,1434399623,,200
52a0d3,::1,GET,http://localhost/royalcin/web/puppty-kit,1434399732,,404
498172,::1,GET,http://localhost/royalcin/web/puppy-kit,1434399740,,200
30886a,::1,POST,http://localhost/royalcin/web/breed/select,1434399744,,200
74359b,::1,GET,http://localhost/royalcin/web/adoption-kit,1434399745,,200
e975b8,::1,POST,http://localhost/royalcin/web/size-animal/select,1434399747,,405
3b8fd7,::1,POST,http://localhost/royalcin/web/size-animal/select,1434399926,,405
3ae422,::1,GET,http://localhost/royalcin/web/adoption-kit,1434399928,,200
43e30b,::1,POST,http://localhost/royalcin/web/size-animal/select,1434399932,,405
ef2af9,::1,GET,http://localhost/royalcin/web/adoption-kit,1434399998,,200
5b2545,::1,POST,http://localhost/royalcin/web/size-animal/select,1434400002,,200
1eb9c0,fe80::1,GET,http://localhost/royalcin/web/adoption-kit,1434400188,,200
9817f9,::1,POST,http://localhost/royalcin/web/adm/kit/sended/detail,1434400593,,200
9784b9,::1,POST,http://localhost/royalcin/web/adm/kit/sended/detail,1434400644,,200
add42b,::1,POST,http://localhost/royalcin/web/adm/kit/sended/detail,1434400707,,200
0d883f,::1,GET,http://localhost/royalcin/web/adm/kit/sended,1434400710,,200
7871ef,::1,POST,http://localhost/royalcin/web/adm/kit/sended/detail,1434400719,,200
11ed5f,::1,GET,http://localhost/royalcin/web/adm/kit/sended,1434400751,,200
46de70,::1,POST,http://localhost/royalcin/web/adm/kit/sended/detail,1434400755,,200
ed73af,::1,GET,http://localhost/royalcin/web/adm/kit/sended,1434400819,,200
44a39d,::1,GET,http://localhost/royalcin/web/adm/kit/sended,1434400845,,200
e4f771,::1,POST,http://localhost/royalcin/web/adm/kit/sended/detail,1434400848,,200
58f267,::1,POST,http://localhost/royalcin/web/adm/kit/sended/detail,1434400935,,200
13e4f1,::1,POST,http://localhost/royalcin/web/adm/kit/sended/detail,1434400965,,200
8290c2,::1,POST,http://localhost/royalcin/web/adm/kit/sended/detail,1434400986,,200
bfc6c3,::1,POST,http://localhost/royalcin/web/adm/kit/sended/detail,1434400992,,200
6d1307,::1,POST,http://localhost/royalcin/web/adm/kit/sended/detail,1434401010,,200
15aa3c,::1,POST,http://localhost/royalcin/web/adm/kit/sended/detail,1434401019,,200
3040e6,::1,POST,http://localhost/royalcin/web/adm/kit/sended/detail,1434401044,,200
7ee34d,::1,GET,http://localhost/royalcin/web/adm/puppy-kit,1434401108,,200
ab9198,::1,POST,http://localhost/royalcin/web/adm/puppy-kit-issue-detail,1434401113,,200
4b915e,::1,POST,http://localhost/royalcin/web/adm/puppy-kit-issue-detail,1434401122,,200
bc07a6,::1,GET,http://localhost/royalcin/web/adm/puppy-kit,1434401127,,200
3a5ff6,::1,GET,http://localhost/royalcin/web/adm/kit/sended,1434401135,,200
8752da,::1,POST,http://localhost/royalcin/web/adm/kit/sended/detail,1434401168,,200
229bfa,::1,POST,http://localhost/royalcin/web/adm/kit/sended/detail,1434401201,,200
a78eb8,::1,POST,http://localhost/royalcin/web/adm/kit/sended/detail,1434401217,,200
d6a42f,::1,GET,http://localhost/royalcin/web/adm/kit/sended,1434401251,,200
5b7fd0,::1,POST,http://localhost/royalcin/web/adm/kit/sended/detail,1434401263,,200
cff25c,::1,GET,http://localhost/royalcin/web/adm/kit/sended,1434401272,,200
97d4f5,::1,POST,http://localhost/royalcin/web/adm/kit/sended/filter,1434401283,,200
07367c,::1,POST,http://localhost/royalcin/web/adm/kit/sended/detail,1434401286,,200
de3134,::1,POST,http://localhost/royalcin/web/adm/kit/sended/detail,1434401501,,200
5d385e,::1,POST,http://localhost/royalcin/web/adm/kit/sended/detail,1434401554,,200
0bdf36,::1,GET,http://localhost/royalcin/web/adm/kit/sended,1434401568,,200
49c010,::1,POST,http://localhost/royalcin/web/adm/kit/sended/detail,1434401838,,200
fadf37,::1,GET,http://localhost/royalcin/web/adm/kit/sended,1434402526,,200
73f454,::1,GET,http://localhost/royalcin/web/puppy-kit,1434453489,,200
675734,::1,GET,http://localhost/royalcin/web/adoption-kit,1434453504,,200
1dbd4c,::1,POST,http://localhost/royalcin/web/adoption-kit/send,1434453526,,302
7227a4,::1,GET,http://localhost/royalcin/web/adoption-kit?success=1,1434453527,,200
426eb6,::1,GET,http://localhost/royalcin/web/kit-my-order,1434453529,,200
aeb90a,::1,GET,http://localhost/royalcin/web/puppy-kit,1434453538,,200
3432df,::1,POST,http://localhost/royalcin/web/breed/select,1434453545,,200
a7a1ff,::1,POST,http://localhost/royalcin/web/puppy-kit/send,1434453551,,302
549be7,::1,GET,http://localhost/royalcin/web/puppy-kit?success=1,1434453551,,200
f25456,::1,GET,http://localhost/royalcin/web/kit-my-order,1434453553,,200
2f00fe,::1,GET,http://localhost/royalcin/web/adm/puppy-kit,1434453589,,200
ff6559,::1,POST,http://localhost/royalcin/web/adm/puppy-kit-issue-detail,1434453594,,200
b8d1d2,::1,POST,http://localhost/royalcin/web/adm/puppy-kit-issue-detail-send/151,1434453611,,200
0befb0,::1,GET,http://localhost/royalcin/web/puppy-kit,1434453617,,200
498d3e,::1,GET,http://localhost/royalcin/web/kit-my-order,1434453620,,200
79ae60,::1,GET,http://localhost/royalcin/web/adm/kit/sended,1434453633,,200
5ba095,::1,POST,http://localhost/royalcin/web/adm/kit/sended/detail,1434453637,,200
a5b5cc,::1,POST,http://localhost/royalcin/web/adm/kit/sended/detail,1434453691,,200
24a3d7,::1,POST,http://localhost/royalcin/web/adm/kit/sended/detail,1434453756,,200
afa10d,::1,POST,http://localhost/royalcin/web/adm/kit/sended/detail,1434453760,,200
538e40,::1,POST,http://localhost/royalcin/web/adm/kit/sended/detail,1434453835,,200
579472,::1,POST,http://localhost/royalcin/web/adm/kit/sended/detail,1434453851,,200
d8baec,::1,POST,http://localhost/royalcin/web/adm/kit/sended/detail,1434453983,,200
3a0e74,::1,GET,http://localhost/royalcin/web/puppy-kit,1434454031,,200
b1b210,::1,GET,http://localhost/royalcin/web/adm/kit/sended,1434454036,,200
670881,::1,POST,http://localhost/royalcin/web/adm/kit/sended/filter,1434454044,,200
9abedb,::1,POST,http://localhost/royalcin/web/adm/kit/sended/detail,1434454049,,200
694621,::1,POST,http://localhost/royalcin/web/adm/kit/sended/detail,1434454066,,200
84942c,::1,GET,http://localhost/royalcin/web/adm/kit/sended,1434454078,,200
d21126,::1,POST,http://localhost/royalcin/web/adm/kit/sended/filter,1434454084,,200
524e6b,::1,POST,http://localhost/royalcin/web/adm/kit/sended/filter,1434454088,,200
aec7d7,::1,POST,http://localhost/royalcin/web/adm/kit/sended/detail,1434454089,,200
58373c,::1,POST,http://localhost/royalcin/web/adm/kit/sended/detail,1434454112,,200
fba47e,::1,POST,http://localhost/royalcin/web/adm/kit/sended/detail,1434454122,,200
f64f4a,::1,GET,http://localhost/royalcin/web/adm/kit/sended,1434454142,,200
94789a,::1,GET,http://localhost/royalcin/web/adm/puppy-kit,1434454148,,200
df90af,::1,POST,http://localhost/royalcin/web/adm/puppy-kit-issue,1434454151,,200
4dfa06,::1,POST,http://localhost/royalcin/web/adm/puppy-kit-issue-send,1434454168,,302
be2690,::1,GET,http://localhost/royalcin/web/adm/puppy-kit?success=1,1434454169,,200
53f038,::1,GET,http://localhost/royalcin/web/adm/kit/sended,1434454184,,200
3f42fe,::1,POST,http://localhost/royalcin/web/adm/kit/sended/detail,1434454189,,200
5a10cf,::1,GET,http://localhost/royalcin/web/adm/kit/sended,1434454214,,200
269cda,::1,GET,http://localhost/royalcin/web/adm/kit/sended,1434454310,,200
6ca2bb,::1,GET,http://localhost/royalcin/web/adm/kit/sended,1434454320,,200
cde692,::1,GET,http://localhost/royalcin/web/adm/kit/sended,1434454328,,200
99c845,::1,GET,http://localhost/royalcin/web/adm/kit/sended,1434454332,,200
eedbe8,::1,GET,http://localhost/royalcin/web/puppy-kit,1434454363,,200
6dcdbe,::1,GET,http://localhost/royalcin/web/adm/kit/sended,1434454365,,200
6f2788,::1,GET,http://localhost/royalcin/web/adm/kit/sended,1434454372,,200
db8f01,::1,GET,http://localhost/royalcin/web/adm/kit/sended,1434454378,,200
1c7745,::1,GET,http://localhost/royalcin/web/adm/kit/sended,1434454396,,200
0023fd,::1,POST,http://localhost/royalcin/web/adm/kit/sended/detail,1434454399,,200
72ff4c,::1,POST,http://localhost/royalcin/web/adm/kit/sended/detail,1434454412,,200
e27dd2,::1,POST,http://localhost/royalcin/web/adm/kit/sended/detail,1434454418,,200
1fbabd,::1,POST,http://localhost/royalcin/web/adm/kit/sended/detail,1434454434,,200
4a3641,::1,POST,http://localhost/royalcin/web/adm/kit/sended/detail,1434454441,,200
fd3089,::1,POST,http://localhost/royalcin/web/adm/kit/sended/detail,1434454456,,200
e51fd7,::1,POST,http://localhost/royalcin/web/adm/kit/sended/detail,1434454470,,200
34de26,::1,GET,http://localhost/royalcin/web/adm/kit/sended,1434454477,,200
1c4c0b,::1,GET,http://localhost/royalcin/web/adm/kit/sended,1434454503,,200
a8ddf3,::1,POST,http://localhost/royalcin/web/adm/kit/sended/detail,1434454511,,200
c9b4e7,::1,GET,http://localhost/royalcin/web/adm/kit/sended,1434454515,,200
3da254,::1,GET,http://localhost/royalcin/web/adm/puppy-kit,1434454518,,200
3cc04b,::1,POST,http://localhost/royalcin/web/puppy-kit/send,1434454534,,302
3469d9,::1,GET,http://localhost/royalcin/web/puppy-kit?success=1,1434454534,,200
5c5517,::1,GET,http://localhost/royalcin/web/adm/puppy-kit,1434454536,,200
585f63,::1,POST,http://localhost/royalcin/web/adm/puppy-kit-issue-detail,1434454540,,200
7331d0,::1,GET,http://localhost/royalcin/web/adm/puppy-kit,1434454553,,200
f263a9,::1,GET,http://localhost/royalcin/web/adm/puppy-kit,1434454592,,200
2a259f,::1,POST,http://localhost/royalcin/web/adm/puppy-kit-issue,1434454596,,500
7ea1e4,::1,POST,http://localhost/royalcin/web/adm/puppy-kit-issue,1434454611,,200
3356ab,::1,POST,http://localhost/royalcin/web/adm/puppy-kit-issue,1434454623,,200
ce9ac3,::1,GET,http://localhost/royalcin/web/adm/puppy-kit,1434454628,,200
791928,::1,POST,http://localhost/royalcin/web/adm/puppy-kit-issue,1434454632,,200
9f9626,::1,GET,http://localhost/royalcin/web/adm/puppy-kit,1434454635,,200
703a48,::1,GET,http://localhost/royalcin/web/adm/puppy-kit,1434454653,,200
860433,::1,GET,http://localhost/royalcin/web/adm/puppy-kit,1434454668,,200
9510d4,::1,POST,http://localhost/royalcin/web/adm/puppy-kit-issue-detail,1434454674,,200
e7883a,::1,GET,http://localhost/royalcin/web/adm/puppy-kit,1434454677,,200
4d2150,::1,GET,http://localhost/royalcin/web/adm/puppy-kit,1434455010,,200
67ad1c,::1,POST,http://localhost/royalcin/web/adm/puppy-kit-issue-detail,1434455126,,200
bbd219,127.0.0.1,GET,http://localhost/royalcin/web/adm/puppy-kit,1434455257,,200
35479f,::1,GET,http://localhost/MorfeuApi/web/teste123,1438785310,,404
95a3fc,::1,GET,http://localhost/MorfeuApi/web/system,1438785421,,404
5aeca0,::1,GET,http://localhost/MorfeuApi/web/system/12312asdasd,1438785425,,404
e5bb07,::1,GET,http://localhost/MorfeuApi/web/system/asdasdasqw,1438785431,,404
4cd4ab,::1,GET,http://localhost/MorfeuApi/web/system/asdasdasqw,1438785434,,404
e1778e,::1,GET,http://localhost/MorfeuApi/web/system/1323asd,1438785439,,404
437718,::1,GET,http://localhost/MorfeuApi/web/system/sync/123123,1438785466,,500
fc97a8,::1,GET,http://localhost/MorfeuApi/web/system/sync/123123,1438785467,,500
8f88e2,::1,GET,http://localhost/MorfeuApi/web/system/sync/123123,1438785472,,200
6a4473,::1,GET,http://localhost/MorfeuApi/web/system/sync/123123,1438785482,,200
8d11b9,::1,GET,http://localhost/MorfeuApi/web/system/sync/123123,1438785483,,200
335ba1,::1,GET,http://localhost/MorfeuApi/web/system/sync/123123,1438785485,,200
3d2b14,::1,GET,http://localhost/MorfeuApi/web/system/sync/123123,1438785490,,200
1d9b64,::1,GET,http://localhost/MorfeuApi/web/system/sync/123123,1438785936,,200
65bba9,::1,GET,http://localhost/MorfeuApi/web/system/sync/123123,1438786016,,500
718271,::1,GET,http://localhost/MorfeuApi/web/system/sync/123123,1438786063,,500
f87ab9,::1,GET,http://localhost/MorfeuApi/web/system/sync/123123,1438786134,,500
8463e8,::1,GET,http://localhost/MorfeuApi/web/system/sync/123123,1438786158,,500
840b8b,::1,GET,http://localhost/MorfeuApi/web/system/sync/123123,1438786162,,500
c92f62,::1,GET,http://localhost/MorfeuApi/web/system/sync/123123,1438786167,,500
84bbad,::1,GET,http://localhost/MorfeuApi/web/system/sync/123123,1438786179,,500
c3f961,::1,GET,http://localhost/MorfeuApi/web/system/sync/123123,1438786206,,500
f55a1c,::1,GET,http://localhost/MorfeuApi/web/system/sync/123123,1438786219,,200
f9eea8,::1,GET,http://localhost/MorfeuApi/web/system/sync/djXG5J5k70,1438786237,,200
112445,::1,GET,http://localhost/MorfeuApi/web/system/sync/djXG5J5k70,1438786399,,200
234a80,::1,GET,http://localhost/MorfeuApi/web/system/sync/djXG5J5k70,1438786428,,200
4c76e4,::1,GET,http://localhost/MorfeuApi/web/system/sync/djXG5J5k70,1438786471,,200
d7726a,::1,GET,http://localhost/MorfeuApi/web/system/sync/djXG5J5k70123,1438786473,,500
875463,::1,GET,http://localhost/MorfeuApi/web/system/sync/djXG5J5k70123,1438786485,,500
09a6a8,::1,GET,http://localhost/MorfeuApi/web/system/sync/djXG5J5k70123,1438786494,,500
f7c89f,::1,GET,http://localhost/MorfeuApi/web/system/sync/djXG5J5k70123,1438786504,,500
b478c5,::1,GET,http://localhost/MorfeuApi/web/system/sync/djXG5J5k70123,1438786516,,200
58cc65,::1,GET,http://localhost/MorfeuApi/web/system/sync/djXG5J5k70123,1438786633,,200
8d296f,::1,GET,http://localhost/MorfeuApi/web/system/sync/djXG5J5k70,1438786638,,200
9edd32,::1,GET,http://localhost/MorfeuApi/web/system/sync/djXG5J5k70,1438787693,,500
b29c4b,::1,GET,http://localhost/MorfeuApi/web/system/sync/djXG5J5k70,1438787709,,500
722132,::1,GET,http://localhost/MorfeuApi/web/system/sync/djXG5J5k70,1438787829,,500
c1aefe,::1,GET,http://localhost/MorfeuApi/web/system/sync/djXG5J5k70,1438796341,,500
4f138c,::1,GET,http://localhost/MorfeuApi/web/system/sync/djXG5J5k70,1438796442,,500
9fe4c0,::1,GET,http://localhost/MorfeuApi/web/system/sync/djXG5J5k70,1438796448,,500
b3b3b4,::1,GET,http://localhost/MorfeuApi/web/system/sync/djXG5J5k70,1438796451,,500
bae523,::1,GET,http://localhost/MorfeuApi/web/system/sync/djXG5J5k70,1438796464,,500
f54cdf,::1,GET,http://localhost/MorfeuApi/web/system/sync/djXG5J5k70,1438796644,,500
022ade,::1,GET,http://localhost/MorfeuApi/web/system/sync/djXG5J5k70,1438796946,,500
ad1b2b,::1,GET,http://localhost/MorfeuApi/web/system/sync/djXG5J5k70,1438797089,,500
f8a10e,::1,GET,http://localhost/MorfeuApi/web/system/sync/djXG5J5k70,1438797148,,500
5162ca,::1,GET,http://localhost/MorfeuApi/web/system/sync/djXG5J5k70,1438798969,,500
5e4c8f,::1,GET,http://localhost/MorfeuApi/web/system/sync/djXG5J5k70,1438798970,,500
3b62bb,::1,GET,http://localhost/MorfeuApi/web/system/sync/djXG5J5k70,1438799222,,500
662797,::1,GET,http://localhost/MorfeuApi/web/system/sync/djXG5J5k70,1438799231,,500
0b7a85,::1,GET,http://localhost/MorfeuApi/web/system/sync/djXG5J5k70,1438799282,,500
c2dc16,::1,GET,http://localhost/MorfeuApi/web/system/sync/djXG5J5k70asdasdas123,1438801016,,200
38d08b,::1,GET,http://localhost/MorfeuApi/web/system/sync/djXG5J5k70asdasdas123,1438801017,,200
54fcd0,::1,GET,http://localhost/MorfeuApi/web/system/sync/djXG5J5k70asdasdas123,1438801056,,200
5b4996,::1,GET,http://localhost/MorfeuApi/web/system/sync/djXG5J5k70asdasdas123,1438801080,,200
296766,::1,GET,http://localhost/MorfeuApi/web/system/sync/djXG5J5k70asdasdas123,1438801109,,200
d7741b,::1,GET,http://localhost/MorfeuApi/web/system/sync/djXG5J5k70asdasdas123,1438801114,,200
00470c,::1,GET,http://localhost/MorfeuApi/web/system/sync/djXG5J5k70asdasdas123,1438801132,,200
517ca7,::1,GET,http://localhost/MorfeuApi/web/system/sync/djXG5J5k70asdasdas123,1438801157,,200
4178da,::1,GET,http://localhost/MorfeuApi/web/system/sync/djXG5J5k70asdasdas123,1438801233,,200
9e5aa5,::1,GET,http://localhost/MorfeuApi/web/system/sync/djXG5J5k70asdasdas123,1438801245,,200
e36ee3,::1,GET,http://localhost/MorfeuApi/web/system/sync/djXG5J5k70asdasdas123,1438801256,,200
6229cc,::1,GET,http://localhost/MorfeuApi/web/system/sync/djXG5J5k70asdasdas123,1438801287,,200
ce5f8b,::1,GET,http://localhost/MorfeuApi/web/system/sync/djXG5J5k70asdasdas123,1438801294,,500
4a76cf,::1,GET,http://localhost/MorfeuApi/web/system/sync/djXG5J5k70asdasdas123,1438801327,,200
ee043b,::1,GET,http://localhost/MorfeuApi/web/system/sync/djXG5J5k70asdasdas123,1438801721,,200
24b372,::1,GET,http://localhost/MorfeuApi/web/system/sync/djXG5J5k70asdasdas123,1438801730,,200
79155f,::1,GET,http://localhost/MorfeuApi/web/system/sync/djXG5J5k70asdasdas123,1438801733,,200
0990f2,::1,GET,http://localhost/MorfeuApi/web/system/sync/djXG5J5k70asdasdas123,1438801771,,200
58f381,::1,GET,http://localhost/MorfeuApi/web/system/sync/djXG5J5k70asdasdas123,1438801774,,200
0e1b25,::1,GET,http://localhost/MorfeuApi/web/system/sync/djXG5J5k70,1438807832,,200
3d2c16,::1,GET,http://localhost/MorfeuApi/web/system/sync/djXG5J5k70,1438807856,,200
